text,label
Win a free iPhone 0,1
Claim your cash prize 0,1
Get free recharge now 0,1
Exclusive offer click here 0,1
You won 10000 rupees 0,1
Meeting at 10 AM 0,0
Assignment submitted 0,0
Class starts at 9 AM 0,0
Project deadline today 0,0
Notes shared in classroom 0,0
Win a free iPhone 1,1
Claim your cash prize 1,1
Get free recharge now 1,1
Exclusive offer click here 1,1
You won 10000 rupees 1,1
Meeting at 10 AM 1,0
Assignment submitted 1,0
Class starts at 9 AM 1,0
Project deadline today 1,0
Notes shared in classroom 1,0
Win a free iPhone 2,1
Claim your cash prize 2,1
Get free recharge now 2,1
Exclusive offer click here 2,1
You won 10000 rupees 2,1
Meeting at 10 AM 2,0
Assignment submitted 2,0
Class starts at 9 AM 2,0
Project deadline today 2,0
Notes shared in classroom 2,0
Win a free iPhone 3,1
Claim your cash prize 3,1
Get free recharge now 3,1
Exclusive offer click here 3,1
You won 10000 rupees 3,1
Meeting at 10 AM 3,0
Assignment submitted 3,0
Class starts at 9 AM 3,0
Project deadline today 3,0
Notes shared in classroom 3,0
Win a free iPhone 4,1
Claim your cash prize 4,1
Get free recharge now 4,1
Exclusive offer click here 4,1
You won 10000 rupees 4,1
Meeting at 10 AM 4,0
Assignment submitted 4,0
Class starts at 9 AM 4,0
Project deadline today 4,0
Notes shared in classroom 4,0
Win a free iPhone 5,1
Claim your cash prize 5,1
Get free recharge now 5,1
Exclusive offer click here 5,1
You won 10000 rupees 5,1
Meeting at 10 AM 5,0
Assignment submitted 5,0
Class starts at 9 AM 5,0
Project deadline today 5,0
Notes shared in classroom 5,0
Win a free iPhone 6,1
Claim your cash prize 6,1
Get free recharge now 6,1
Exclusive offer click here 6,1
You won 10000 rupees 6,1
Meeting at 10 AM 6,0
Assignment submitted 6,0
Class starts at 9 AM 6,0
Project deadline today 6,0
Notes shared in classroom 6,0
Win a free iPhone 7,1
Claim your cash prize 7,1
Get free recharge now 7,1
Exclusive offer click here 7,1
You won 10000 rupees 7,1
Meeting at 10 AM 7,0
Assignment submitted 7,0
Class starts at 9 AM 7,0
Project deadline today 7,0
Notes shared in classroom 7,0
Win a free iPhone 8,1
Claim your cash prize 8,1
Get free recharge now 8,1
Exclusive offer click here 8,1
You won 10000 rupees 8,1
Meeting at 10 AM 8,0
Assignment submitted 8,0
Class starts at 9 AM 8,0
Project deadline today 8,0
Notes shared in classroom 8,0
Win a free iPhone 9,1
Claim your cash prize 9,1
Get free recharge now 9,1
Exclusive offer click here 9,1
You won 10000 rupees 9,1
Meeting at 10 AM 9,0
Assignment submitted 9,0
Class starts at 9 AM 9,0
Project deadline today 9,0
Notes shared in classroom 9,0
Win a free iPhone 10,1
Claim your cash prize 10,1
Get free recharge now 10,1
Exclusive offer click here 10,1
You won 10000 rupees 10,1
Meeting at 10 AM 10,0
Assignment submitted 10,0
Class starts at 9 AM 10,0
Project deadline today 10,0
Notes shared in classroom 10,0
Win a free iPhone 11,1
Claim your cash prize 11,1
Get free recharge now 11,1
Exclusive offer click here 11,1
You won 10000 rupees 11,1
Meeting at 10 AM 11,0
Assignment submitted 11,0
Class starts at 9 AM 11,0
Project deadline today 11,0
Notes shared in classroom 11,0
Win a free iPhone 12,1
Claim your cash prize 12,1
Get free recharge now 12,1
Exclusive offer click here 12,1
You won 10000 rupees 12,1
Meeting at 10 AM 12,0
Assignment submitted 12,0
Class starts at 9 AM 12,0
Project deadline today 12,0
Notes shared in classroom 12,0
Win a free iPhone 13,1
Claim your cash prize 13,1
Get free recharge now 13,1
Exclusive offer click here 13,1
You won 10000 rupees 13,1
Meeting at 10 AM 13,0
Assignment submitted 13,0
Class starts at 9 AM 13,0
Project deadline today 13,0
Notes shared in classroom 13,0
Win a free iPhone 14,1
Claim your cash prize 14,1
Get free recharge now 14,1
Exclusive offer click here 14,1
You won 10000 rupees 14,1
Meeting at 10 AM 14,0
Assignment submitted 14,0
Class starts at 9 AM 14,0
Project deadline today 14,0
Notes shared in classroom 14,0
Win a free iPhone 15,1
Claim your cash prize 15,1
Get free recharge now 15,1
Exclusive offer click here 15,1
You won 10000 rupees 15,1
Meeting at 10 AM 15,0
Assignment submitted 15,0
Class starts at 9 AM 15,0
Project deadline today 15,0
Notes shared in classroom 15,0
Win a free iPhone 16,1
Claim your cash prize 16,1
Get free recharge now 16,1
Exclusive offer click here 16,1
You won 10000 rupees 16,1
Meeting at 10 AM 16,0
Assignment submitted 16,0
Class starts at 9 AM 16,0
Project deadline today 16,0
Notes shared in classroom 16,0
Win a free iPhone 17,1
Claim your cash prize 17,1
Get free recharge now 17,1
Exclusive offer click here 17,1
You won 10000 rupees 17,1
Meeting at 10 AM 17,0
Assignment submitted 17,0
Class starts at 9 AM 17,0
Project deadline today 17,0
Notes shared in classroom 17,0
Win a free iPhone 18,1
Claim your cash prize 18,1
Get free recharge now 18,1
Exclusive offer click here 18,1
You won 10000 rupees 18,1
Meeting at 10 AM 18,0
Assignment submitted 18,0
Class starts at 9 AM 18,0
Project deadline today 18,0
Notes shared in classroom 18,0
Win a free iPhone 19,1
Claim your cash prize 19,1
Get free recharge now 19,1
Exclusive offer click here 19,1
You won 10000 rupees 19,1
Meeting at 10 AM 19,0
Assignment submitted 19,0
Class starts at 9 AM 19,0
Project deadline today 19,0
Notes shared in classroom 19,0
